{"cameraMode":{"drawMode":0,"name":"Shaded","section":"Shading Mode"},"sceneLighting":true,"audioPlay":false,"sceneViewState":{"showFog":true,"showMaterialUpdate":false,"showSkybox":true,"showFlares":true,"showImageEffects":true,"showParticleSystems":true},"in2DMode":false,"pivot":{"x":64.3023681640625,"y":0.0,"z":-170.63070678710938},"rotation":{"x":0.21901935338974,"y":0.004388348199427128,"z":-0.0009779571555554867,"w":0.9757179617881775},"size":188.1688995361328,"orthographic":false}